"state","statefp","county","countyfp","year","month","trap_type","num_collection_events","num_sites","num_trap_nights","num_aegypti_collected","num_albopictus_collected","num_collections_aegypti","num_collections_albopictus"
"Georgia",13,"Appling",1,2017,6,"CO2",1,1,1,0,1,0,1
"Georgia",13,"Appling",1,2018,6,"CO2",1,1,1,0,1,0,1
"Georgia",13,"Appling",1,2018,7,"CO2",2,2,2,0,6,0,1
"Georgia",13,"Appling",1,2019,6,"CO2",4,4,4,0,25,0,2
"Georgia",13,"Appling",1,2019,6,"GRAV",4,4,4,0,2,0,1
"Georgia",13,"Appling",1,2019,8,"CO2",1,1,1,0,15,0,1
"Georgia",13,"Appling",1,2019,8,"GRAV",1,1,1,0,0,0,0
"Georgia",13,"Atkinson",3,2017,6,"CO2",1,1,1,0,0,0,0
"Georgia",13,"Atkinson",3,2017,6,"GRAV",1,1,1,0,7,0,1
"Georgia",13,"Atkinson",3,2018,8,"CO2",4,4,4,0,4,0,2
"Georgia",13,"Atkinson",3,2018,8,"GRAV",2,2,2,0,0,0,0
"Georgia",13,"Atkinson",3,2019,6,"CO2",4,4,4,0,98,0,2
"Georgia",13,"Atkinson",3,2019,6,"GRAV",3,3,3,0,6,0,1
"Georgia",13,"Atkinson",3,2019,8,"CO2",2,2,2,0,14,0,1
"Georgia",13,"Atkinson",3,2019,8,"GRAV",2,2,2,0,0,0,0
"Georgia",13,"Baker",7,2017,11,"CO2",1,1,1,0,0,0,0
"Georgia",13,"Baker",7,2017,11,"GRAV",1,1,1,0,2,0,1
"Georgia",13,"Baker",7,2018,10,"CO2",2,2,2,0,2,0,1
"Georgia",13,"Baker",7,2018,10,"GRAV",2,2,2,0,3,0,1
"Georgia",13,"Baker",7,2019,8,"CO2",2,2,2,0,1,0,1
"Georgia",13,"Baker",7,2019,8,"GRAV",3,3,3,0,0,0,0
"Georgia",13,"Banks",11,2017,9,"CO2",1,1,1,0,2,0,1
"Georgia",13,"Banks",11,2017,9,"GRAV",1,1,1,0,2,0,1
"Georgia",13,"Banks",11,2018,5,"CO2",1,1,1,0,0,0,0
"Georgia",13,"Banks",11,2018,5,"GRAV",1,1,1,0,2,0,1
"Georgia",13,"Banks",11,2019,6,"GRAV",1,1,1,0,2,0,1
"Georgia",13,"Banks",11,2019,9,"CO2",1,1,1,0,2,0,1
"Georgia",13,"Banks",11,2019,9,"GRAV",1,1,1,0,0,0,0
"Georgia",13,"Barrow",13,2016,10,"CO2",1,1,1,0,0,0,0
"Georgia",13,"Barrow",13,2017,7,"CO2",1,1,1,0,2,0,1
"Georgia",13,"Barrow",13,2017,8,"GRAV",1,1,1,0,2,0,1
"Georgia",13,"Barrow",13,2018,6,"GRAV",1,1,1,0,0,0,0
"Georgia",13,"Barrow",13,2018,8,"GRAV",1,1,1,0,0,0,0
"Georgia",13,"Barrow",13,2018,9,"GRAV",1,1,1,0,1,0,1
"Georgia",13,"Barrow",13,2019,4,"GRAV",1,1,1,0,0,0,0
"Georgia",13,"Barrow",13,2019,7,"GRAV",1,1,1,0,3,0,1
"Georgia",13,"Barrow",13,2019,8,"GRAV",1,1,1,0,0,0,0
"Georgia",13,"Bartow",15,2016,9,"GRAV",1,1,1,0,0,0,0
"Georgia",13,"Bartow",15,2016,11,"GRAV",1,1,1,0,0,0,0
"Georgia",13,"Bartow",15,2017,6,"CO2",1,1,1,0,0,0,0
"Georgia",13,"Bartow",15,2017,6,"GRAV",2,2,2,0,2,0,1
"Georgia",13,"Bartow",15,2018,10,"CO2",1,1,1,0,0,0,0
"Georgia",13,"Bartow",15,2019,6,"CO2",2,2,2,0,0,0,0
"Georgia",13,"Bartow",15,2019,10,"CO2",1,1,1,0,1,0,1
"Georgia",13,"Bartow",15,2019,10,"GRAV",1,1,1,0,1,0,1
"Georgia",13,"Berrien",19,2017,6,"CO2",1,1,1,0,0,0,0
"Georgia",13,"Berrien",19,2017,6,"GRAV",1,1,1,0,0,0,0
"Georgia",13,"Berrien",19,2018,9,"CO2",4,3,4,0,2,0,1
"Georgia",13,"Berrien",19,2018,9,"GRAV",16,5,16,0,5,0,4
"Georgia",13,"Berrien",19,2018,10,"CO2",7,3,7,0,7,0,5
"Georgia",13,"Berrien",19,2018,10,"GRAV",12,3,12,0,4,0,4
"Georgia",13,"Berrien",19,2018,11,"CO2",1,1,1,0,0,0,0
"Georgia",13,"Berrien",19,2018,11,"GRAV",2,2,2,0,0,0,0
"Georgia",13,"Berrien",19,2019,3,"CO2",4,2,4,0,0,0,0
"Georgia",13,"Berrien",19,2019,3,"GRAV",12,3,12,0,1,0,1
"Georgia",13,"Berrien",19,2019,4,"CO2",8,4,8,0,1,0,1
"Georgia",13,"Berrien",19,2019,4,"GRAV",15,5,15,0,1,0,1
"Georgia",13,"Berrien",19,2019,5,"CO2",10,4,10,0,27,0,8
"Georgia",13,"Berrien",19,2019,5,"GRAV",18,6,18,0,0,0,0
"Georgia",13,"Berrien",19,2019,6,"CO2",6,3,6,0,8,0,4
"Georgia",13,"Berrien",19,2019,6,"GRAV",12,3,12,0,26,0,7
"Georgia",13,"Berrien",19,2019,7,"CO2",9,5,9,0,26,0,8
"Georgia",13,"Berrien",19,2019,7,"GRAV",18,6,18,0,36,0,12
"Georgia",13,"Berrien",19,2019,8,"CO2",8,5,8,0,9,0,4
"Georgia",13,"Berrien",19,2019,8,"GRAV",18,6,18,0,24,0,10
"Georgia",13,"Berrien",19,2019,9,"CO2",3,2,3,0,7,0,2
"Georgia",13,"Berrien",19,2019,9,"GRAV",12,3,12,0,10,0,3
"Georgia",13,"Berrien",19,2019,10,"CO2",9,7,9,0,14,0,3
"Georgia",13,"Berrien",19,2019,10,"GRAV",22,9,22,0,1,0,1
"Georgia",13,"Berrien",19,2019,11,"CO2",2,1,2,0,5,0,1
"Georgia",13,"Berrien",19,2019,11,"GRAV",3,2,3,0,8,0,2
"Georgia",13,"Bibb",21,2016,8,"CO2",2,2,2,0,14,0,2
"Georgia",13,"Bibb",21,2016,8,"GRAV",2,2,2,0,12,0,2
"Georgia",13,"Bibb",21,2017,10,"CO2",2,2,2,0,0,0,0
"Georgia",13,"Bibb",21,2017,10,"GRAV",2,2,2,0,0,0,0
"Georgia",13,"Bibb",21,2017,11,"CO2",1,1,1,0,4,0,1
"Georgia",13,"Bibb",21,2017,11,"GRAV",3,2,3,0,0,0,0
"Georgia",13,"Bibb",21,2018,4,"GRAV",10,6,10,0,0,0,0
"Georgia",13,"Bibb",21,2019,4,"CO2",2,2,2,0,0,0,0
"Georgia",13,"Bibb",21,2019,4,"GRAV",3,3,3,0,1,0,1
"Georgia",13,"Bibb",21,2019,5,"CO2",2,2,2,0,1,0,1
"Georgia",13,"Bibb",21,2019,5,"GRAV",2,2,2,0,0,0,0
"Georgia",13,"Bibb",21,2019,6,"CO2",1,1,1,0,2,0,1
"Georgia",13,"Bibb",21,2019,6,"GRAV",1,1,1,0,0,0,0
"Georgia",13,"Bleckley",23,2016,8,"GRAV",1,1,1,0,0,0,0
"Georgia",13,"Bleckley",23,2017,7,"CO2",1,1,1,0,0,0,0
"Georgia",13,"Bleckley",23,2018,7,"GRAV",2,2,2,0,0,0,0
"Georgia",13,"Bleckley",23,2018,9,"CO2",2,2,2,0,0,0,0
"Georgia",13,"Bleckley",23,2018,9,"GRAV",2,2,2,0,0,0,0
"Georgia",13,"Bleckley",23,2019,8,"CO2",1,1,1,0,2,0,1
"Georgia",13,"Bleckley",23,2019,8,"GRAV",1,1,1,0,0,0,0
"Georgia",13,"Bryan",29,2010,8,"CO2",2,2,2,0,14,0,1
"Georgia",13,"Bryan",29,2010,8,"GRAV",2,2,2,0,5,0,2
"Georgia",13,"Bryan",29,2017,6,"GRAV",1,1,1,0,2,0,1
"Georgia",13,"Bryan",29,2018,7,"CO2",2,2,2,0,0,0,0
"Georgia",13,"Bryan",29,2018,7,"GRAV",1,1,1,0,0,0,0
"Georgia",13,"Bryan",29,2018,8,"CO2",2,2,2,0,11,0,2
"Georgia",13,"Bryan",29,2019,4,"CO2",3,3,3,0,0,0,0
"Georgia",13,"Bryan",29,2019,4,"GRAV",2,2,2,0,0,0,0
"Georgia",13,"Bryan",29,2019,8,"CO2",2,2,2,0,0,0,0
"Georgia",13,"Bryan",29,2019,8,"GRAV",2,2,2,0,0,0,0
"Georgia",13,"Bulloch",31,2007,9,"CO2",5,5,5,0,22,0,2
"Georgia",13,"Bulloch",31,2007,9,"GRAV",2,2,2,0,6,0,1
"Georgia",13,"Bulloch",31,2007,11,"CO2",1,1,1,0,0,0,0
"Georgia",13,"Bulloch",31,2007,11,"GRAV",1,1,1,0,1,0,1
"Georgia",13,"Bulloch",31,2008,8,"CO2",2,2,2,0,10,0,2
"Georgia",13,"Bulloch",31,2008,8,"GRAV",2,2,2,0,5,0,2
"Georgia",13,"Bulloch",31,2009,8,"CO2",5,5,5,0,9,0,2
"Georgia",13,"Bulloch",31,2009,8,"GRAV",3,3,3,0,9,0,3
"Georgia",13,"Bulloch",31,2009,9,"CO2",7,7,7,0,102,0,4
"Georgia",13,"Bulloch",31,2009,9,"GRAV",6,6,6,0,40,0,6
"Georgia",13,"Bulloch",31,2010,8,"CO2",3,3,3,0,0,0,0
"Georgia",13,"Bulloch",31,2010,8,"GRAV",1,1,1,0,0,0,0
"Georgia",13,"Bulloch",31,2011,8,"CO2",6,6,6,0,55,0,4
"Georgia",13,"Bulloch",31,2012,7,"CO2",6,6,6,0,10,0,3
"Georgia",13,"Bulloch",31,2012,7,"GRAV",6,6,6,0,35,0,6
"Georgia",13,"Bulloch",31,2012,8,"CO2",6,6,6,0,37,0,5
"Georgia",13,"Bulloch",31,2012,8,"GRAV",6,6,6,0,21,0,6
"Georgia",13,"Bulloch",31,2012,9,"CO2",6,6,6,0,10,0,4
"Georgia",13,"Bulloch",31,2012,9,"GRAV",6,6,6,0,4,0,3
"Georgia",13,"Bulloch",31,2013,7,"CO2",6,6,6,0,68,0,6
"Georgia",13,"Bulloch",31,2013,7,"GRAV",6,6,6,0,44,0,6
"Georgia",13,"Bulloch",31,2013,8,"CO2",3,3,3,0,26,0,1
"Georgia",13,"Bulloch",31,2013,8,"GRAV",6,6,6,0,26,0,6
"Georgia",13,"Bulloch",31,2014,7,"CO2",6,6,6,0,0,0,0
"Georgia",13,"Bulloch",31,2014,7,"GRAV",6,6,6,0,10,0,3
"Georgia",13,"Bulloch",31,2014,8,"CO2",6,6,6,0,67,0,5
"Georgia",13,"Bulloch",31,2014,8,"GRAV",4,4,4,0,25,0,4
"Georgia",13,"Bulloch",31,2014,9,"CO2",6,6,6,0,18,0,4
"Georgia",13,"Bulloch",31,2014,9,"GRAV",6,6,6,0,5,0,4
"Georgia",13,"Bulloch",31,2015,7,"CO2",5,5,5,0,59,0,4
"Georgia",13,"Bulloch",31,2015,9,"CO2",6,6,6,0,32,0,5
"Georgia",13,"Bulloch",31,2015,9,"GRAV",6,6,6,0,16,0,5
"Georgia",13,"Bulloch",31,2016,7,"CO2",19,10,19,0,65,0,12
"Georgia",13,"Bulloch",31,2016,7,"GRAV",12,6,12,0,17,0,7
"Georgia",13,"Bulloch",31,2016,8,"CO2",6,6,6,0,75,0,6
"Georgia",13,"Bulloch",31,2016,8,"GRAV",7,7,7,0,39,0,6
"Georgia",13,"Bulloch",31,2016,9,"CO2",7,7,7,0,0,0,0
"Georgia",13,"Bulloch",31,2016,9,"GRAV",12,11,12,0,3,0,2
"Georgia",13,"Bulloch",31,2016,10,"CO2",1,1,1,0,0,0,0
"Georgia",13,"Bulloch",31,2016,10,"GRAV",1,1,1,0,0,0,0
"Georgia",13,"Bulloch",31,2017,6,"CO2",15,6,15,0,5,0,4
"Georgia",13,"Bulloch",31,2017,6,"GRAV",16,6,16,0,37,0,8
"Georgia",13,"Bulloch",31,2017,7,"CO2",9,5,9,0,72,0,7
"Georgia",13,"Bulloch",31,2017,7,"GRAV",10,5,10,0,61,0,9
"Georgia",13,"Bulloch",31,2017,8,"CO2",8,6,8,0,30,0,6
"Georgia",13,"Bulloch",31,2017,8,"GRAV",8,6,8,0,25,0,7
"Georgia",13,"Bulloch",31,2017,9,"CO2",2,2,2,0,3,0,2
"Georgia",13,"Bulloch",31,2017,9,"GRAV",1,1,1,0,0,0,0
"Georgia",13,"Bulloch",31,2018,2,"CO2",1,1,1,0,0,0,0
"Georgia",13,"Bulloch",31,2018,5,"CO2",19,13,19,0,12,0,7
"Georgia",13,"Bulloch",31,2018,5,"GRAV",15,8,15,0,17,0,9
"Georgia",13,"Bulloch",31,2018,6,"CO2",32,11,32,0,150,0,23
"Georgia",13,"Bulloch",31,2018,6,"GRAV",30,10,30,0,133,0,24
"Georgia",13,"Bulloch",31,2018,8,"CO2",4,3,4,0,21,0,2
"Georgia",13,"Bulloch",31,2019,1,"CO2",8,7,8,0,0,0,0
"Georgia",13,"Bulloch",31,2019,2,"CO2",3,3,3,0,6,0,1
"Georgia",13,"Bulloch",31,2019,3,"CO2",1,1,1,0,0,0,0
"Georgia",13,"Bulloch",31,2019,6,"CO2",2,2,2,0,20,0,2
"Georgia",13,"Bulloch",31,2019,7,"CO2",7,7,7,0,46,0,7
"Georgia",13,"Bulloch",31,2019,8,"CO2",7,7,7,0,58,0,5
"Georgia",13,"Bulloch",31,2019,8,"GRAV",5,5,5,0,11,0,3
"Georgia",13,"Bulloch",31,2019,9,"CO2",5,5,5,0,42,0,4
"Georgia",13,"Bulloch",31,2019,10,"CO2",5,4,5,0,20,0,2
"Georgia",13,"Bulloch",31,2019,10,"GRAV",4,4,4,0,0,0,0
"Georgia",13,"Bulloch",31,2019,11,"CO2",1,1,1,0,0,0,0
"Georgia",13,"Carroll",45,2009,10,"CO2",2,1,2,0,0,0,0
"Georgia",13,"Carroll",45,2010,8,"CO2",3,2,3,0,5,0,1
"Georgia",13,"Carroll",45,2010,8,"GRAV",1,1,1,0,6,0,1
"Georgia",13,"Carroll",45,2017,6,"CO2",3,3,3,0,75,0,3
"Georgia",13,"Carroll",45,2017,6,"GRAV",3,3,3,0,19,0,2
"Georgia",13,"Carroll",45,2018,6,"CO2",2,2,2,0,3,0,2
"Georgia",13,"Carroll",45,2018,6,"GRAV",2,2,2,0,15,0,2
"Georgia",13,"Carroll",45,2019,7,"BGS",1,1,1,0,85,0,1
"Georgia",13,"Carroll",45,2019,7,"CO2",2,2,2,0,2,0,1
"Georgia",13,"Carroll",45,2019,7,"GRAV",2,2,2,0,0,0,0
"Georgia",13,"Chattahoochee",53,2017,5,"CO2",1,1,1,0,0,0,0
"Georgia",13,"Chattahoochee",53,2017,5,"GRAV",2,2,2,0,0,0,0
"Georgia",13,"Chattahoochee",53,2018,9,"CO2",1,1,1,0,0,0,0
"Georgia",13,"Chattahoochee",53,2018,9,"GRAV",1,1,1,0,0,0,0
"Georgia",13,"Chattahoochee",53,2019,7,"CO2",2,2,2,0,30,0,2
"Georgia",13,"Chattahoochee",53,2019,7,"GRAV",2,2,2,0,1,0,1
"Georgia",13,"Chattooga",55,2016,10,"CO2",2,2,2,0,0,0,0
"Georgia",13,"Chattooga",55,2016,10,"GRAV",2,2,2,0,0,0,0
"Georgia",13,"Chattooga",55,2017,8,"CO2",2,2,2,0,0,0,0
"Georgia",13,"Chattooga",55,2017,8,"GRAV",2,2,2,0,0,0,0
"Georgia",13,"Chattooga",55,2018,9,"CO2",1,1,1,0,0,0,0
"Georgia",13,"Chattooga",55,2019,6,"GRAV",1,1,1,0,0,0,0
"Georgia",13,"Chattooga",55,2019,7,"CO2",1,1,1,0,0,0,0
"Georgia",13,"Chattooga",55,2019,9,"CO2",1,1,1,0,1,0,1
"Georgia",13,"Chattooga",55,2019,9,"GRAV",1,1,1,0,0,0,0
"Georgia",13,"Clay",61,2017,5,"CO2",1,1,1,0,0,0,0
"Georgia",13,"Clay",61,2017,5,"GRAV",1,1,1,0,1,0,1
"Georgia",13,"Clay",61,2018,9,"CO2",1,1,1,0,3,0,1
"Georgia",13,"Clay",61,2018,9,"GRAV",1,1,1,0,13,0,1
"Georgia",13,"Clay",61,2019,8,"BGS",1,1,1,0,2,0,1
"Georgia",13,"Clay",61,2019,8,"CO2",2,2,2,0,0,0,0
"Georgia",13,"Clay",61,2019,8,"GRAV",2,2,2,0,2,0,1
"Georgia",13,"Coffee",69,2016,9,"GRAV",2,1,2,0,0,0,0
"Georgia",13,"Coffee",69,2017,6,"CO2",1,1,1,0,0,0,0
"Georgia",13,"Coffee",69,2017,6,"GRAV",1,1,1,0,3,0,1
"Georgia",13,"Coffee",69,2018,6,"CO2",3,3,3,0,4,0,1
"Georgia",13,"Coffee",69,2018,6,"GRAV",2,2,2,0,0,0,0
"Georgia",13,"Coffee",69,2018,7,"CO2",1,1,1,0,8,0,1
"Georgia",13,"Coffee",69,2019,6,"CO2",4,4,4,0,12,0,2
"Georgia",13,"Coffee",69,2019,6,"GRAV",1,1,1,0,0,0,0
"Georgia",13,"Coffee",69,2019,8,"CO2",2,2,2,0,2,0,1
"Georgia",13,"Coffee",69,2019,8,"GRAV",1,1,1,0,0,0,0
"Georgia",13,"Colquitt",71,2010,9,"CO2",3,3,3,0,1,0,1
"Georgia",13,"Colquitt",71,2010,9,"GRAV",1,1,1,0,1,0,1
"Georgia",13,"Colquitt",71,2011,6,"CO2",4,4,4,0,16,0,3
"Georgia",13,"Colquitt",71,2011,6,"GRAV",3,3,3,0,12,0,3
"Georgia",13,"Colquitt",71,2011,8,"CO2",4,4,4,0,201,0,4
"Georgia",13,"Colquitt",71,2011,8,"GRAV",4,4,4,0,43,0,4
"Georgia",13,"Colquitt",71,2017,6,"CO2",1,1,1,0,0,0,0
"Georgia",13,"Colquitt",71,2017,6,"GRAV",1,1,1,0,14,0,1
"Georgia",13,"Colquitt",71,2018,8,"CO2",2,2,2,0,0,0,0
"Georgia",13,"Colquitt",71,2018,8,"GRAV",2,2,2,0,0,0,0
"Georgia",13,"Colquitt",71,2019,8,"CO2",1,1,1,0,0,0,0
"Georgia",13,"Colquitt",71,2019,8,"GRAV",2,2,2,0,8,0,2
"Georgia",13,"Columbia",73,2017,11,"CO2",1,1,1,0,0,0,0
"Georgia",13,"Columbia",73,2018,6,"BGS",2,2,2,0,3,0,2
"Georgia",13,"Columbia",73,2018,6,"CO2",3,3,3,0,9,0,2
"Georgia",13,"Columbia",73,2018,6,"GRAV",3,3,3,0,6,0,2
"Georgia",13,"Columbia",73,2019,7,"GRAV",2,2,2,0,1,0,1
"Georgia",13,"Coweta",77,2016,9,"CO2",2,2,2,0,0,0,0
"Georgia",13,"Coweta",77,2016,9,"GRAV",1,1,1,0,0,0,0
"Georgia",13,"Coweta",77,2017,9,"CO2",1,1,1,0,8,0,1
"Georgia",13,"Coweta",77,2017,9,"GRAV",1,1,1,0,0,0,0
"Georgia",13,"Coweta",77,2018,6,"CO2",2,2,2,0,0,0,0
"Georgia",13,"Coweta",77,2018,6,"GRAV",2,2,2,0,0,0,0
"Georgia",13,"Coweta",77,2019,7,"CO2",4,4,4,0,40,0,4
"Georgia",13,"Coweta",77,2019,7,"GRAV",1,1,1,0,0,0,0
"Georgia",13,"Coweta",77,2019,9,"BGS",1,1,1,0,67,0,1
"Georgia",13,"Coweta",77,2019,9,"CO2",5,5,5,0,62,0,4
"Georgia",13,"Coweta",77,2019,9,"GRAV",4,4,4,0,9,0,3
"Georgia",13,"Decatur",87,2017,6,"CO2",1,1,1,0,11,0,1
"Georgia",13,"Decatur",87,2017,6,"GRAV",1,1,1,0,0,0,0
"Georgia",13,"Decatur",87,2018,9,"CO2",2,2,2,0,0,0,0
"Georgia",13,"Decatur",87,2018,9,"GRAV",2,2,2,0,1,0,1
"Georgia",13,"Decatur",87,2019,5,"CO2",2,2,2,0,0,0,0
"Georgia",13,"Decatur",87,2019,5,"GRAV",1,1,1,0,0,0,0
"Georgia",13,"Dooly",93,2017,10,"CO2",1,1,1,0,2,0,1
"Georgia",13,"Dooly",93,2017,10,"GRAV",1,1,1,0,2,0,1
"Georgia",13,"Dooly",93,2018,8,"CO2",1,1,1,0,0,0,0
"Georgia",13,"Dooly",93,2018,8,"GRAV",1,1,1,0,1,0,1
"Georgia",13,"Dooly",93,2019,8,"CO2",1,1,1,0,0,0,0
"Georgia",13,"Dooly",93,2019,8,"GRAV",1,1,1,0,5,0,1
"Georgia",13,"Douglas",97,2016,7,"CO2",1,1,1,0,0,0,0
"Georgia",13,"Douglas",97,2017,6,"CO2",2,2,2,0,0,0,0
"Georgia",13,"Douglas",97,2017,7,"CO2",2,2,2,0,2,0,1
"Georgia",13,"Douglas",97,2018,7,"CO2",3,3,3,0,55,0,3
"Georgia",13,"Douglas",97,2019,7,"CO2",1,1,1,0,0,0,0
"Georgia",13,"Douglas",97,2019,7,"GRAV",2,2,2,0,0,0,0
"Georgia",13,"Douglas",97,2019,9,"CO2",1,1,1,0,18,0,1
"Georgia",13,"Douglas",97,2019,9,"GRAV",1,1,1,0,4,0,1
"Georgia",13,"Effingham",103,2017,6,"GRAV",1,1,1,0,6,0,1
"Georgia",13,"Effingham",103,2017,9,"CO2",1,1,1,0,0,0,0
"Georgia",13,"Effingham",103,2017,9,"GRAV",1,1,1,0,0,0,0
"Georgia",13,"Effingham",103,2018,7,"CO2",1,1,1,0,8,0,1
"Georgia",13,"Effingham",103,2018,8,"CO2",3,3,3,0,30,0,3
"Georgia",13,"Effingham",103,2018,8,"GRAV",2,2,2,0,3,0,1
"Georgia",13,"Effingham",103,2019,1,"CO2",1,1,1,0,0,0,0
"Georgia",13,"Effingham",103,2019,5,"CO2",3,3,3,0,0,0,0
"Georgia",13,"Effingham",103,2019,8,"GRAV",2,2,2,0,0,0,0
"Georgia",13,"Fannin",111,2016,6,"CO2",1,1,1,0,3,0,1
"Georgia",13,"Fannin",111,2016,7,"CO2",1,1,1,0,1,0,1
"Georgia",13,"Fannin",111,2016,9,"CO2",1,1,1,0,1,0,1
"Georgia",13,"Fannin",111,2016,10,"CO2",4,4,4,0,4,0,1
"Georgia",13,"Fannin",111,2017,5,"CO2",4,4,4,0,15,0,3
"Georgia",13,"Fannin",111,2017,6,"CO2",3,3,3,0,9,0,3
"Georgia",13,"Fannin",111,2017,7,"CO2",3,3,3,0,13,0,3
"Georgia",13,"Fannin",111,2017,8,"CO2",1,1,1,0,7,0,1
"Georgia",13,"Fannin",111,2018,8,"CO2",2,2,2,0,742,0,2
"Georgia",13,"Fannin",111,2019,5,"CO2",1,1,1,0,0,0,0
"Georgia",13,"Fannin",111,2019,6,"CO2",1,1,1,0,8,0,1
"Georgia",13,"Fannin",111,2019,8,"CO2",1,1,1,0,8,0,1
"Georgia",13,"Fayette",113,2016,8,"GRAV",8,1,8,0,43,0,7
"Georgia",13,"Fayette",113,2016,9,"GRAV",1,1,1,0,4,0,1
"Georgia",13,"Fayette",113,2017,7,"CO2",2,2,2,0,7,0,2
"Georgia",13,"Fayette",113,2017,7,"GRAV",2,2,2,0,8,0,2
"Georgia",13,"Fayette",113,2018,6,"CO2",2,2,2,0,129,0,2
"Georgia",13,"Fayette",113,2018,6,"GRAV",2,2,2,0,19,0,1
"Georgia",13,"Fayette",113,2019,5,"CO2",2,2,2,0,5,0,2
"Georgia",13,"Fayette",113,2019,5,"GRAV",4,4,4,0,0,0,0
"Georgia",13,"Fayette",113,2019,9,"BGS",1,1,1,0,79,0,1
"Georgia",13,"Fayette",113,2019,9,"CO2",2,2,2,0,16,0,2
"Georgia",13,"Fayette",113,2019,9,"GRAV",2,2,2,0,20,0,2
"Georgia",13,"Forsyth",117,2017,8,"CO2",1,1,1,0,39,0,1
"Georgia",13,"Forsyth",117,2017,8,"GRAV",1,1,1,0,0,0,0
"Georgia",13,"Forsyth",117,2018,6,"CO2",1,1,1,0,2,0,1
"Georgia",13,"Forsyth",117,2018,6,"GRAV",1,1,1,0,3,0,1
"Georgia",13,"Forsyth",117,2019,5,"CO2",1,1,1,0,3,0,1
"Georgia",13,"Forsyth",117,2019,5,"GRAV",1,1,1,0,0,0,0
"Georgia",13,"Forsyth",117,2019,8,"CO2",1,1,1,0,1,0,1
"Georgia",13,"Forsyth",117,2019,8,"GRAV",1,1,1,0,0,0,0
"Georgia",13,"Fulton",121,2014,5,"CO2",3,2,3,0,20,0,2
"Georgia",13,"Fulton",121,2014,6,"CO2",2,2,2,0,18,0,1
"Georgia",13,"Fulton",121,2014,7,"CO2",2,2,2,0,27,0,1
"Georgia",13,"Fulton",121,2014,8,"CO2",2,2,2,0,18,0,2
"Georgia",13,"Fulton",121,2014,9,"CO2",2,2,2,0,7,0,1
"Georgia",13,"Fulton",121,2015,5,"CO2",2,2,2,0,13,0,2
"Georgia",13,"Fulton",121,2015,6,"CO2",2,2,2,0,21,0,1
"Georgia",13,"Fulton",121,2015,7,"CO2",2,2,2,0,41,0,2
"Georgia",13,"Fulton",121,2016,6,"CO2",1,1,1,0,0,0,0
"Georgia",13,"Fulton",121,2016,7,"CO2",1,1,1,0,10,0,1
"Georgia",13,"Fulton",121,2016,8,"CO2",1,1,1,0,12,0,1
"Georgia",13,"Fulton",121,2016,9,"BGS",1,1,1,0,0,0,0
"Georgia",13,"Fulton",121,2016,9,"CO2",2,2,2,0,34,0,1
"Georgia",13,"Fulton",121,2016,9,"GRAV",1,1,1,0,0,0,0
"Georgia",13,"Fulton",121,2016,10,"CO2",2,2,2,0,0,0,0
"Georgia",13,"Fulton",121,2017,7,"CO2",2,1,2,0,4,0,1
"Georgia",13,"Fulton",121,2017,8,"CO2",1,1,1,0,0,0,0
"Georgia",13,"Fulton",121,2017,9,"CO2",1,1,1,0,0,0,0
"Georgia",13,"Fulton",121,2018,5,"CO2",1,1,1,0,0,0,0
"Georgia",13,"Fulton",121,2018,6,"CO2",1,1,1,0,0,0,0
"Georgia",13,"Fulton",121,2018,8,"CO2",4,4,4,0,67,0,4
"Georgia",13,"Fulton",121,2018,9,"CO2",1,1,1,0,5,0,1
"Georgia",13,"Fulton",121,2018,9,"GRAV",1,1,1,0,2,0,1
"Georgia",13,"Fulton",121,2019,5,"CO2",4,4,4,0,2,0,2
"Georgia",13,"Fulton",121,2019,6,"CO2",1,1,1,0,1,0,1
"Georgia",13,"Fulton",121,2019,6,"GRAV",1,1,1,0,0,0,0
"Georgia",13,"Fulton",121,2019,7,"CO2",1,1,1,0,7,0,1
"Georgia",13,"Fulton",121,2019,7,"GRAV",1,1,1,0,9,0,1
"Georgia",13,"Fulton",121,2019,8,"CO2",1,1,1,0,1,0,1
"Georgia",13,"Fulton",121,2019,8,"GRAV",1,1,1,0,0,0,0
"Georgia",13,"Fulton",121,2019,9,"BGS",3,3,3,0,98,0,3
"Georgia",13,"Fulton",121,2019,9,"CO2",5,5,5,0,14,0,5
"Georgia",13,"Fulton",121,2019,9,"GRAV",3,3,3,0,2,0,1
"Georgia",13,"Glascock",125,2017,11,"CO2",1,1,1,0,0,0,0
"Georgia",13,"Glascock",125,2017,12,"CO2",1,1,1,0,0,0,0
"Georgia",13,"Glascock",125,2018,5,"BGS",2,2,2,0,2,0,2
"Georgia",13,"Glascock",125,2018,5,"CO2",3,3,3,0,0,0,0
"Georgia",13,"Glascock",125,2018,5,"GRAV",1,1,1,0,0,0,0
"Georgia",13,"Glascock",125,2019,5,"CO2",1,1,1,0,1,0,1
"Georgia",13,"Glascock",125,2019,5,"GRAV",1,1,1,0,2,0,1
"Georgia",13,"Gordon",129,2006,5,"CO2",2,2,2,0,2,0,2
"Georgia",13,"Gordon",129,2006,5,"GRAV",1,1,1,0,1,0,1
"Georgia",13,"Gordon",129,2016,9,"CO2",1,1,1,0,0,0,0
"Georgia",13,"Gordon",129,2016,10,"CO2",3,3,3,0,0,0,0
"Georgia",13,"Gordon",129,2016,10,"GRAV",3,3,3,0,0,0,0
"Georgia",13,"Gordon",129,2017,8,"CO2",1,1,1,0,0,0,0
"Georgia",13,"Gordon",129,2017,8,"GRAV",2,2,2,0,4,0,2
"Georgia",13,"Gordon",129,2018,9,"CO2",1,1,1,0,2,0,1
"Georgia",13,"Gordon",129,2019,6,"GRAV",1,1,1,0,0,0,0
"Georgia",13,"Gordon",129,2019,7,"GRAV",1,1,1,0,0,0,0
"Georgia",13,"Gordon",129,2019,10,"CO2",1,1,1,0,26,0,1
"Georgia",13,"Gordon",129,2019,10,"GRAV",1,1,1,0,0,0,0
"Georgia",13,"Grady",131,2017,11,"CO2",2,2,2,0,2,0,1
"Georgia",13,"Grady",131,2017,11,"GRAV",2,2,2,0,0,0,0
"Georgia",13,"Grady",131,2018,7,"CO2",2,2,2,0,4,0,2
"Georgia",13,"Grady",131,2018,7,"GRAV",2,2,2,0,7,0,2
"Georgia",13,"Grady",131,2019,8,"CO2",3,3,3,0,5,0,1
"Georgia",13,"Grady",131,2019,8,"GRAV",2,2,2,0,3,0,1
"Georgia",13,"Greene",133,2014,7,"GRAV",1,1,1,0,11,0,1
"Georgia",13,"Greene",133,2017,7,"GRAV",1,1,1,0,0,0,0
"Georgia",13,"Greene",133,2018,5,"GRAV",1,1,1,0,0,0,0
"Georgia",13,"Greene",133,2018,8,"GRAV",1,1,1,0,0,0,0
"Georgia",13,"Greene",133,2019,8,"GRAV",1,1,1,0,0,0,0
"Georgia",13,"Gwinnett",135,2009,7,"CO2",1,1,1,0,4,0,1
"Georgia",13,"Gwinnett",135,2009,7,"GRAV",1,1,1,0,13,0,1
"Georgia",13,"Gwinnett",135,2011,7,"CO2",2,2,2,0,22,0,2
"Georgia",13,"Gwinnett",135,2011,7,"GRAV",2,2,2,0,0,0,0
"Georgia",13,"Gwinnett",135,2012,4,"CO2",1,1,1,0,0,0,0
"Georgia",13,"Gwinnett",135,2012,6,"CO2",2,2,2,0,10,0,2
"Georgia",13,"Gwinnett",135,2012,6,"GRAV",2,2,2,0,3,0,2
"Georgia",13,"Gwinnett",135,2014,10,"CO2",1,1,1,0,0,0,0
"Georgia",13,"Gwinnett",135,2015,7,"GRAV",2,2,2,0,1,0,1
"Georgia",13,"Gwinnett",135,2015,8,"GRAV",2,2,2,0,40,0,2
"Georgia",13,"Gwinnett",135,2016,6,"CO2",4,3,4,0,30,0,3
"Georgia",13,"Gwinnett",135,2016,6,"GRAV",1,1,1,0,0,0,0
"Georgia",13,"Gwinnett",135,2016,7,"CO2",4,4,4,0,23,0,4
"Georgia",13,"Gwinnett",135,2016,7,"GRAV",3,3,3,0,19,0,3
"Georgia",13,"Gwinnett",135,2016,8,"CO2",1,1,1,0,2,0,1
"Georgia",13,"Gwinnett",135,2016,8,"GRAV",1,1,1,0,5,0,1
"Georgia",13,"Gwinnett",135,2016,9,"CO2",3,3,3,0,5,0,3
"Georgia",13,"Gwinnett",135,2016,9,"GRAV",3,3,3,0,12,0,3
"Georgia",13,"Gwinnett",135,2016,10,"CO2",1,1,1,0,0,0,0
"Georgia",13,"Gwinnett",135,2017,5,"GRAV",1,1,1,0,0,0,0
"Georgia",13,"Gwinnett",135,2018,7,"CO2",2,2,2,0,51,0,1
"Georgia",13,"Gwinnett",135,2018,7,"GRAV",2,2,2,0,8,0,2
"Georgia",13,"Gwinnett",135,2018,8,"CO2",1,1,1,0,2,0,1
"Georgia",13,"Gwinnett",135,2019,6,"CO2",2,2,2,0,0,0,0
"Georgia",13,"Gwinnett",135,2019,6,"GRAV",3,3,3,0,1,0,1
"Georgia",13,"Gwinnett",135,2019,8,"CO2",2,1,2,0,5,0,1
"Georgia",13,"Gwinnett",135,2019,9,"CO2",1,1,1,0,16,0,1
"Georgia",13,"Gwinnett",135,2019,9,"GRAV",1,1,1,0,9,0,1
"Georgia",13,"Haralson",143,2016,9,"CO2",1,1,1,0,0,0,0
"Georgia",13,"Haralson",143,2016,9,"GRAV",1,1,1,0,0,0,0
"Georgia",13,"Haralson",143,2017,8,"CO2",2,2,2,0,6,0,2
"Georgia",13,"Haralson",143,2017,8,"GRAV",1,1,1,0,3,0,1
"Georgia",13,"Haralson",143,2018,10,"CO2",1,1,1,0,1,0,1
"Georgia",13,"Haralson",143,2019,6,"GRAV",1,1,1,0,0,0,0
"Georgia",13,"Haralson",143,2019,11,"CO2",1,1,1,0,1,0,1
"Georgia",13,"Haralson",143,2019,11,"GRAV",1,1,1,0,2,0,1
"Georgia",13,"Harris",145,2006,9,"GRAV",1,1,1,0,3,0,1
"Georgia",13,"Harris",145,2014,8,"CO2",1,1,1,0,2,0,1
"Georgia",13,"Harris",145,2016,7,"CO2",2,2,2,0,0,0,0
"Georgia",13,"Harris",145,2016,7,"GRAV",2,2,2,0,0,0,0
"Georgia",13,"Harris",145,2017,4,"CO2",3,3,3,0,4,0,2
"Georgia",13,"Harris",145,2017,4,"GRAV",2,2,2,0,6,0,2
"Georgia",13,"Harris",145,2018,9,"CO2",1,1,1,0,6,0,1
"Georgia",13,"Harris",145,2018,9,"GRAV",1,1,1,0,1,0,1
"Georgia",13,"Harris",145,2019,7,"CO2",2,2,2,0,3,0,2
"Georgia",13,"Harris",145,2019,7,"GRAV",1,1,1,0,1,0,1
"Georgia",13,"Hart",147,2017,8,"CO2",2,2,2,0,6,0,1
"Georgia",13,"Hart",147,2017,8,"GRAV",1,1,1,0,13,0,1
"Georgia",13,"Hart",147,2018,7,"CO2",1,1,1,0,0,0,0
"Georgia",13,"Hart",147,2018,7,"GRAV",1,1,1,0,7,0,1
"Georgia",13,"Hart",147,2019,7,"CO2",1,1,1,0,3,0,1
"Georgia",13,"Hart",147,2019,7,"GRAV",1,1,1,0,6,0,1
"Georgia",13,"Heard",149,2017,10,"CO2",2,2,2,0,88,0,2
"Georgia",13,"Heard",149,2017,10,"GRAV",2,2,2,0,7,0,1
"Georgia",13,"Heard",149,2018,7,"CO2",1,1,1,0,0,0,0
"Georgia",13,"Heard",149,2018,7,"GRAV",1,1,1,0,0,0,0
"Georgia",13,"Heard",149,2019,7,"GRAV",2,2,2,0,2,0,1
"Georgia",13,"Irwin",155,2017,10,"CO2",1,1,1,0,2,0,1
"Georgia",13,"Irwin",155,2017,10,"GRAV",1,1,1,0,0,0,0
"Georgia",13,"Irwin",155,2018,9,"CO2",5,5,5,0,2,0,2
"Georgia",13,"Irwin",155,2018,9,"GRAV",16,7,16,0,12,0,5
"Georgia",13,"Irwin",155,2018,10,"CO2",5,3,5,0,1,0,1
"Georgia",13,"Irwin",155,2018,10,"GRAV",13,3,13,0,1,0,1
"Georgia",13,"Irwin",155,2018,11,"GRAV",3,3,3,0,0,0,0
"Georgia",13,"Irwin",155,2019,3,"CO2",6,3,6,0,0,0,0
"Georgia",13,"Irwin",155,2019,3,"GRAV",11,4,11,0,0,0,0
"Georgia",13,"Irwin",155,2019,4,"CO2",8,4,8,0,6,0,2
"Georgia",13,"Irwin",155,2019,4,"GRAV",14,5,14,0,12,0,4
"Georgia",13,"Irwin",155,2019,5,"CO2",8,5,8,0,3,0,2
"Georgia",13,"Irwin",155,2019,5,"GRAV",19,6,19,0,0,0,0
"Georgia",13,"Irwin",155,2019,6,"CO2",3,3,3,0,4,0,1
"Georgia",13,"Irwin",155,2019,6,"GRAV",11,5,11,0,29,0,6
"Georgia",13,"Irwin",155,2019,7,"CO2",7,4,7,0,3,0,2
"Georgia",13,"Irwin",155,2019,7,"GRAV",18,6,18,0,26,0,9
"Georgia",13,"Irwin",155,2019,8,"CO2",6,4,6,0,1,0,1
"Georgia",13,"Irwin",155,2019,8,"GRAV",17,6,17,0,23,0,9
"Georgia",13,"Irwin",155,2019,9,"CO2",4,3,4,0,2,0,2
"Georgia",13,"Irwin",155,2019,9,"GRAV",14,7,14,0,9,0,4
"Georgia",13,"Irwin",155,2019,10,"CO2",9,4,9,0,0,0,0
"Georgia",13,"Irwin",155,2019,10,"GRAV",20,5,20,0,6,0,3
"Georgia",13,"Irwin",155,2019,11,"CO2",2,1,2,0,3,0,2
"Georgia",13,"Irwin",155,2019,11,"GRAV",4,2,4,0,16,0,3
"Georgia",13,"Jasper",159,2017,9,"CO2",1,1,1,0,7,0,1
"Georgia",13,"Jasper",159,2017,9,"GRAV",1,1,1,0,0,0,0
"Georgia",13,"Jasper",159,2018,7,"GRAV",2,2,2,0,6,0,2
"Georgia",13,"Jasper",159,2018,10,"CO2",1,1,1,0,2,0,1
"Georgia",13,"Jasper",159,2019,7,"CO2",2,2,2,0,9,0,2
"Georgia",13,"Jasper",159,2019,7,"GRAV",2,2,2,0,0,0,0
"Georgia",13,"Johnson",167,2016,7,"GRAV",1,1,1,0,0,0,0
"Georgia",13,"Johnson",167,2016,8,"GRAV",2,2,2,0,0,0,0
"Georgia",13,"Johnson",167,2017,6,"CO2",1,1,1,0,9,0,1
"Georgia",13,"Johnson",167,2018,8,"GRAV",1,1,1,0,0,0,0
"Georgia",13,"Johnson",167,2018,9,"CO2",3,3,3,0,0,0,0
"Georgia",13,"Johnson",167,2018,9,"GRAV",1,1,1,0,0,0,0
"Georgia",13,"Johnson",167,2019,7,"CO2",2,2,2,0,13,0,2
"Georgia",13,"Johnson",167,2019,7,"GRAV",2,2,2,0,3,0,1
"Georgia",13,"Jones",169,2016,9,"CO2",2,2,2,0,0,0,0
"Georgia",13,"Jones",169,2016,9,"GRAV",2,2,2,0,0,0,0
"Georgia",13,"Jones",169,2017,5,"GRAV",1,1,1,0,0,0,0
"Georgia",13,"Jones",169,2017,9,"CO2",1,1,1,0,0,0,0
"Georgia",13,"Jones",169,2018,7,"GRAV",2,2,2,0,7,0,1
"Georgia",13,"Jones",169,2019,5,"CO2",2,2,2,0,14,0,2
"Georgia",13,"Jones",169,2019,5,"GRAV",1,1,1,0,0,0,0
"Georgia",13,"Jones",169,2019,8,"CO2",3,3,3,0,10,0,3
"Georgia",13,"Jones",169,2019,8,"GRAV",3,3,3,0,3,0,1
"Georgia",13,"Lee",177,2017,7,"CO2",1,1,1,0,0,0,0
"Georgia",13,"Lee",177,2017,7,"GRAV",1,1,1,0,0,0,0
"Georgia",13,"Lee",177,2018,9,"CO2",2,2,2,0,0,0,0
"Georgia",13,"Lee",177,2018,9,"GRAV",2,2,2,0,4,0,2
"Georgia",13,"Lee",177,2019,8,"CO2",2,2,2,0,0,0,0
"Georgia",13,"Lee",177,2019,8,"GRAV",3,3,3,0,4,0,2
"Georgia",13,"Long",183,2008,9,"CO2",3,3,3,0,15,0,2
"Georgia",13,"Long",183,2008,9,"GRAV",2,2,2,0,5,0,2
"Georgia",13,"Long",183,2017,6,"CO2",1,1,1,0,0,0,0
"Georgia",13,"Long",183,2017,10,"CO2",1,1,1,0,0,0,0
"Georgia",13,"Long",183,2017,10,"GRAV",1,1,1,0,1,0,1
"Georgia",13,"Long",183,2018,6,"CO2",1,1,1,0,0,0,0
"Georgia",13,"Long",183,2018,7,"CO2",3,3,3,0,2,0,1
"Georgia",13,"Long",183,2018,7,"GRAV",2,2,2,0,0,0,0
"Georgia",13,"Long",183,2019,4,"CO2",1,1,1,0,0,0,0
"Georgia",13,"Long",183,2019,5,"CO2",2,2,2,0,62,0,2
"Georgia",13,"Long",183,2019,5,"GRAV",2,2,2,0,33,0,2
"Georgia",13,"Long",183,2019,8,"CO2",2,2,2,0,8,0,1
"Georgia",13,"Long",183,2019,8,"GRAV",2,2,2,0,0,0,0
"Georgia",13,"Lowndes",185,2019,3,"BGS",1,1,1,0,0,0,0
"Georgia",13,"Lowndes",185,2019,3,"CO2",1,1,1,0,0,0,0
"Georgia",13,"Lowndes",185,2019,3,"GRAV",1,1,1,0,0,0,0
"Georgia",13,"Lowndes",185,2019,4,"BGS",3,1,3,0,8,0,2
"Georgia",13,"Lowndes",185,2019,5,"BGS",1,1,1,0,1,0,1
"Georgia",13,"Lowndes",185,2019,6,"CO2",1,1,1,0,0,0,0
"Georgia",13,"Lowndes",185,2019,6,"GRAV",1,1,1,0,0,0,0
"Georgia",13,"Macon",193,2017,10,"CO2",1,1,1,0,1,0,1
"Georgia",13,"Macon",193,2017,10,"GRAV",1,1,1,0,11,0,1
"Georgia",13,"Macon",193,2018,8,"CO2",1,1,1,0,0,0,0
"Georgia",13,"Macon",193,2018,8,"GRAV",1,1,1,0,0,0,0
"Georgia",13,"Macon",193,2019,6,"CO2",4,4,4,0,6,0,2
"Georgia",13,"Macon",193,2019,6,"GRAV",2,2,2,0,16,0,1
"Georgia",13,"Meriwether",199,2010,7,"CO2",1,1,1,0,0,0,0
"Georgia",13,"Meriwether",199,2017,6,"CO2",2,2,2,0,2,0,2
"Georgia",13,"Meriwether",199,2017,6,"GRAV",2,2,2,0,43,0,2
"Georgia",13,"Meriwether",199,2018,9,"CO2",1,1,1,0,2,0,1
"Georgia",13,"Meriwether",199,2018,9,"GRAV",1,1,1,0,106,0,1
"Georgia",13,"Meriwether",199,2019,7,"CO2",1,1,1,0,5,0,1
"Georgia",13,"Mitchell",205,2017,8,"CO2",1,1,1,0,9,0,1
"Georgia",13,"Mitchell",205,2017,8,"GRAV",1,1,1,0,0,0,0
"Georgia",13,"Mitchell",205,2018,10,"CO2",2,2,2,0,6,0,2
"Georgia",13,"Mitchell",205,2018,10,"GRAV",2,2,2,0,0,0,0
"Georgia",13,"Mitchell",205,2019,8,"CO2",1,1,1,0,0,0,0
"Georgia",13,"Mitchell",205,2019,8,"GRAV",1,1,1,0,2,0,1
"Georgia",13,"Montgomery",209,2017,9,"CO2",1,1,1,0,0,0,0
"Georgia",13,"Montgomery",209,2017,9,"GRAV",1,1,1,0,0,0,0
"Georgia",13,"Montgomery",209,2018,7,"CO2",1,1,1,0,19,0,1
"Georgia",13,"Montgomery",209,2018,7,"GRAV",1,1,1,0,9,0,1
"Georgia",13,"Montgomery",209,2018,8,"CO2",3,3,3,0,5,0,1
"Georgia",13,"Montgomery",209,2018,8,"GRAV",1,1,1,0,0,0,0
"Georgia",13,"Montgomery",209,2019,7,"CO2",1,1,1,0,0,0,0
"Georgia",13,"Montgomery",209,2019,7,"GRAV",1,1,1,0,0,0,0
"Georgia",13,"Morgan",211,2017,8,"GRAV",1,1,1,0,0,0,0
"Georgia",13,"Morgan",211,2018,5,"GRAV",1,1,1,0,6,0,1
"Georgia",13,"Morgan",211,2018,8,"CO2",1,1,1,0,2,0,1
"Georgia",13,"Morgan",211,2018,9,"GRAV",1,1,1,0,0,0,0
"Georgia",13,"Morgan",211,2019,4,"GRAV",1,1,1,0,0,0,0
"Georgia",13,"Morgan",211,2019,5,"CO2",1,1,1,0,1,0,1
"Georgia",13,"Morgan",211,2019,5,"GRAV",1,1,1,0,0,0,0
"Georgia",13,"Morgan",211,2019,7,"GRAV",1,1,1,0,7,0,1
"Georgia",13,"Morgan",211,2019,8,"GRAV",1,1,1,0,0,0,0
"Georgia",13,"Murray",213,2016,7,"CO2",1,1,1,0,11,0,1
"Georgia",13,"Murray",213,2016,8,"CO2",1,1,1,0,12,0,1
"Georgia",13,"Murray",213,2016,9,"CO2",3,3,3,0,61,0,2
"Georgia",13,"Murray",213,2016,10,"CO2",1,1,1,0,56,0,1
"Georgia",13,"Murray",213,2017,5,"CO2",4,4,4,0,20,0,2
"Georgia",13,"Murray",213,2017,6,"CO2",6,6,6,0,29,0,4
"Georgia",13,"Murray",213,2017,7,"CO2",1,1,1,0,0,0,0
"Georgia",13,"Murray",213,2017,8,"CO2",3,3,3,0,10,0,3
"Georgia",13,"Murray",213,2018,4,"CO2",1,1,1,0,0,0,0
"Georgia",13,"Murray",213,2018,5,"CO2",2,2,2,0,1,0,1
"Georgia",13,"Murray",213,2018,6,"CO2",2,2,2,0,6,0,2
"Georgia",13,"Murray",213,2018,7,"CO2",4,4,4,0,21,0,2
"Georgia",13,"Murray",213,2018,8,"CO2",8,8,8,0,42,0,3
"Georgia",13,"Murray",213,2018,9,"CO2",2,2,2,0,0,0,0
"Georgia",13,"Murray",213,2018,10,"CO2",2,2,2,0,2,0,1
"Georgia",13,"Murray",213,2019,4,"CO2",4,4,4,0,0,0,0
"Georgia",13,"Murray",213,2019,4,"GRAV",2,2,2,0,0,0,0
"Georgia",13,"Murray",213,2019,5,"CO2",2,2,2,0,2,0,1
"Georgia",13,"Murray",213,2019,6,"CO2",10,10,10,0,2,0,2
"Georgia",13,"Murray",213,2019,8,"CO2",2,2,2,0,15,0,2
"Georgia",13,"Murray",213,2019,9,"CO2",1,1,1,0,17,0,1
"Georgia",13,"Murray",213,2019,10,"CO2",1,1,1,0,0,0,0
"Georgia",13,"Murray",213,2019,10,"GRAV",1,1,1,0,0,0,0
"Georgia",13,"Newton",217,2011,8,"CO2",1,1,1,0,0,0,0
"Georgia",13,"Newton",217,2011,8,"GRAV",1,1,1,0,3,0,1
"Georgia",13,"Newton",217,2013,7,"CO2",1,1,1,0,2,0,1
"Georgia",13,"Newton",217,2013,7,"GRAV",1,1,1,0,0,0,0
"Georgia",13,"Newton",217,2014,5,"CO2",1,1,1,0,1,0,1
"Georgia",13,"Newton",217,2017,3,"CO2",1,1,1,0,0,0,0
"Georgia",13,"Newton",217,2017,4,"CO2",1,1,1,0,0,0,0
"Georgia",13,"Newton",217,2017,5,"CO2",1,1,1,0,0,0,0
"Georgia",13,"Newton",217,2017,8,"CO2",1,1,1,0,14,0,1
"Georgia",13,"Newton",217,2017,8,"GRAV",1,1,1,0,7,0,1
"Georgia",13,"Newton",217,2017,9,"CO2",1,1,1,0,10,0,1
"Georgia",13,"Newton",217,2018,6,"CO2",1,1,1,0,15,0,1
"Georgia",13,"Newton",217,2019,6,"CO2",2,2,2,0,6,0,2
"Georgia",13,"Newton",217,2019,6,"GRAV",2,2,2,0,9,0,1
"Georgia",13,"Newton",217,2019,9,"CO2",1,1,1,0,3,0,1
"Georgia",13,"Newton",217,2019,9,"GRAV",1,1,1,0,5,0,1
"Georgia",13,"Oconee",219,2015,5,"CO2",2,2,2,0,4,0,1
"Georgia",13,"Oconee",219,2015,5,"GRAV",2,2,2,0,10,0,2
"Georgia",13,"Oconee",219,2016,10,"CO2",1,1,1,0,0,0,0
"Georgia",13,"Oconee",219,2017,6,"GRAV",1,1,1,0,0,0,0
"Georgia",13,"Oconee",219,2018,6,"GRAV",1,1,1,0,2,0,1
"Georgia",13,"Oconee",219,2018,8,"GRAV",1,1,1,0,0,0,0
"Georgia",13,"Oconee",219,2018,9,"GRAV",1,1,1,0,1,0,1
"Georgia",13,"Oconee",219,2019,5,"GRAV",1,1,1,0,0,0,0
"Georgia",13,"Oconee",219,2019,7,"GRAV",1,1,1,0,0,0,0
"Georgia",13,"Oconee",219,2019,9,"GRAV",1,1,1,0,0,0,0
"Georgia",13,"Paulding",223,2016,9,"GRAV",1,1,1,0,0,0,0
"Georgia",13,"Paulding",223,2017,7,"CO2",2,2,2,0,3,0,1
"Georgia",13,"Paulding",223,2017,7,"GRAV",2,2,2,0,6,0,2
"Georgia",13,"Paulding",223,2018,8,"BGS",1,1,1,0,0,0,0
"Georgia",13,"Paulding",223,2018,8,"CO2",1,1,1,0,9,0,1
"Georgia",13,"Paulding",223,2018,8,"GRAV",1,1,1,0,0,0,0
"Georgia",13,"Paulding",223,2019,6,"CO2",1,1,1,0,0,0,0
"Georgia",13,"Paulding",223,2019,8,"GRAV",1,1,1,0,0,0,0
"Georgia",13,"Paulding",223,2019,11,"CO2",1,1,1,0,1,0,1
"Georgia",13,"Paulding",223,2019,11,"GRAV",1,1,1,0,6,0,1
"Georgia",13,"Pike",231,2017,10,"CO2",2,2,2,0,0,0,0
"Georgia",13,"Pike",231,2017,10,"GRAV",3,3,3,0,3,0,2
"Georgia",13,"Pike",231,2018,9,"CO2",2,2,2,0,3,0,1
"Georgia",13,"Pike",231,2018,9,"GRAV",1,1,1,0,4,0,1
"Georgia",13,"Pike",231,2019,6,"CO2",2,2,2,0,0,0,0
"Georgia",13,"Pike",231,2019,6,"GRAV",4,4,4,0,5,0,2
"Georgia",13,"Polk",233,2016,6,"CO2",2,2,2,0,0,0,0
"Georgia",13,"Polk",233,2016,6,"GRAV",2,2,2,0,0,0,0
"Georgia",13,"Polk",233,2016,9,"GRAV",1,1,1,0,0,0,0
"Georgia",13,"Polk",233,2016,11,"CO2",1,1,1,0,0,0,0
"Georgia",13,"Polk",233,2017,7,"CO2",2,2,2,0,35,0,2
"Georgia",13,"Polk",233,2017,7,"GRAV",2,2,2,0,40,0,2
"Georgia",13,"Polk",233,2017,8,"CO2",3,2,3,0,2,0,1
"Georgia",13,"Polk",233,2017,8,"GRAV",1,1,1,0,1,0,1
"Georgia",13,"Polk",233,2018,10,"CO2",1,1,1,0,2,0,1
"Georgia",13,"Polk",233,2019,6,"GRAV",1,1,1,0,0,0,0
"Georgia",13,"Polk",233,2019,8,"GRAV",1,1,1,0,0,0,0
"Georgia",13,"Putnam",237,2016,9,"CO2",2,2,2,0,6,0,2
"Georgia",13,"Putnam",237,2016,9,"GRAV",2,2,2,0,0,0,0
"Georgia",13,"Putnam",237,2017,5,"CO2",1,1,1,0,0,0,0
"Georgia",13,"Putnam",237,2017,5,"GRAV",1,1,1,0,0,0,0
"Georgia",13,"Putnam",237,2017,12,"CO2",1,1,1,0,0,0,0
"Georgia",13,"Putnam",237,2017,12,"GRAV",1,1,1,0,0,0,0
"Georgia",13,"Putnam",237,2018,7,"GRAV",2,2,2,0,4,0,1
"Georgia",13,"Putnam",237,2019,7,"CO2",1,1,1,0,15,0,1
"Georgia",13,"Putnam",237,2019,7,"GRAV",1,1,1,0,4,0,1
"Georgia",13,"Quitman",239,2017,5,"CO2",1,1,1,0,1,0,1
"Georgia",13,"Quitman",239,2018,9,"CO2",1,1,1,0,0,0,0
"Georgia",13,"Quitman",239,2018,9,"GRAV",1,1,1,0,0,0,0
"Georgia",13,"Quitman",239,2019,6,"BGS",1,1,1,0,53,0,1
"Georgia",13,"Quitman",239,2019,6,"CO2",3,3,3,0,9,0,3
"Georgia",13,"Quitman",239,2019,6,"GRAV",2,2,2,0,0,0,0
"Georgia",13,"Richmond",245,2006,8,"CO2",6,6,6,0,30,0,5
"Georgia",13,"Richmond",245,2006,8,"GRAV",5,5,5,0,17,0,5
"Georgia",13,"Richmond",245,2006,9,"CO2",7,7,7,0,62,0,6
"Georgia",13,"Richmond",245,2006,9,"GRAV",6,6,6,0,24,0,6
"Georgia",13,"Richmond",245,2008,9,"CO2",8,8,8,0,106,0,8
"Georgia",13,"Richmond",245,2008,9,"GRAV",6,6,6,0,14,0,6
"Georgia",13,"Richmond",245,2008,11,"CO2",1,1,1,0,0,0,0
"Georgia",13,"Richmond",245,2009,8,"CO2",7,7,7,0,62,0,6
"Georgia",13,"Richmond",245,2009,8,"GRAV",9,9,9,0,46,0,9
"Georgia",13,"Richmond",245,2009,10,"CO2",8,8,8,0,32,0,4
"Georgia",13,"Richmond",245,2009,10,"GRAV",10,10,10,0,48,0,10
"Georgia",13,"Richmond",245,2010,8,"CO2",5,5,5,0,91,0,5
"Georgia",13,"Richmond",245,2010,9,"CO2",5,5,5,0,2,0,2
"Georgia",13,"Richmond",245,2011,8,"CO2",9,9,9,0,73,0,9
"Georgia",13,"Richmond",245,2011,8,"GRAV",7,7,7,0,25,0,7
"Georgia",13,"Richmond",245,2012,4,"CO2",6,6,6,0,3,0,3
"Georgia",13,"Richmond",245,2012,4,"GRAV",6,6,6,0,3,0,3
"Georgia",13,"Richmond",245,2012,5,"CO2",11,11,11,0,27,0,5
"Georgia",13,"Richmond",245,2012,5,"GRAV",14,14,14,0,82,0,8
"Georgia",13,"Richmond",245,2012,6,"GRAV",6,6,6,0,25,0,6
"Georgia",13,"Richmond",245,2012,7,"CO2",5,5,5,0,39,0,5
"Georgia",13,"Richmond",245,2012,7,"GRAV",4,4,4,0,65,0,4
"Georgia",13,"Richmond",245,2012,11,"CO2",1,1,1,0,0,0,0
"Georgia",13,"Richmond",245,2012,11,"GRAV",1,1,1,0,1,0,1
"Georgia",13,"Richmond",245,2013,5,"CO2",4,4,4,0,1,0,1
"Georgia",13,"Richmond",245,2013,5,"GRAV",4,4,4,0,13,0,4
"Georgia",13,"Richmond",245,2013,7,"CO2",5,5,5,0,30,0,4
"Georgia",13,"Richmond",245,2014,2,"CO2",1,1,1,0,0,0,0
"Georgia",13,"Richmond",245,2014,2,"GRAV",2,2,2,0,0,0,0
"Georgia",13,"Richmond",245,2014,3,"CO2",1,1,1,0,0,0,0
"Georgia",13,"Richmond",245,2014,3,"GRAV",1,1,1,0,0,0,0
"Georgia",13,"Richmond",245,2016,1,"CO2",12,10,12,0,0,0,0
"Georgia",13,"Richmond",245,2016,1,"GRAV",7,6,7,0,0,0,0
"Georgia",13,"Richmond",245,2016,2,"CO2",18,11,18,0,0,0,0
"Georgia",13,"Richmond",245,2016,2,"GRAV",15,9,15,0,0,0,0
"Georgia",13,"Richmond",245,2016,3,"CO2",20,12,20,0,1,0,1
"Georgia",13,"Richmond",245,2016,3,"GRAV",24,13,24,0,0,0,0
"Georgia",13,"Richmond",245,2016,4,"CO2",26,14,26,0,17,0,7
"Georgia",13,"Richmond",245,2016,4,"GRAV",16,10,16,0,10,0,3
"Georgia",13,"Richmond",245,2016,5,"CO2",25,14,25,0,29,0,10
"Georgia",13,"Richmond",245,2016,5,"GRAV",24,14,24,0,18,0,8
"Georgia",13,"Richmond",245,2016,6,"CO2",28,14,28,0,61,0,18
"Georgia",13,"Richmond",245,2016,6,"GRAV",31,14,31,0,164,0,22
"Georgia",13,"Richmond",245,2016,7,"CO2",21,13,21,0,44,0,9
"Georgia",13,"Richmond",245,2016,7,"GRAV",25,17,25,0,164,0,16
"Georgia",13,"Richmond",245,2016,8,"CO2",26,14,26,0,139,0,18
"Georgia",13,"Richmond",245,2016,8,"GRAV",29,14,29,0,422,0,22
"Georgia",13,"Richmond",245,2016,9,"CO2",22,13,22,0,157,0,18
"Georgia",13,"Richmond",245,2016,9,"GRAV",12,12,12,0,146,0,11
"Georgia",13,"Richmond",245,2016,10,"CO2",17,13,17,0,60,0,10
"Georgia",13,"Richmond",245,2016,10,"GRAV",7,7,7,0,11,0,5
"Georgia",13,"Richmond",245,2016,11,"CO2",24,14,24,0,5,0,5
"Georgia",13,"Richmond",245,2016,11,"GRAV",25,14,25,0,5,0,5
"Georgia",13,"Richmond",245,2016,12,"CO2",9,9,9,0,0,0,0
"Georgia",13,"Richmond",245,2016,12,"GRAV",8,8,8,0,0,0,0
"Georgia",13,"Richmond",245,2017,1,"CO2",27,14,27,0,0,0,0
"Georgia",13,"Richmond",245,2017,1,"GRAV",21,13,21,0,0,0,0
"Georgia",13,"Richmond",245,2017,2,"CO2",24,13,24,0,0,0,0
"Georgia",13,"Richmond",245,2017,2,"GRAV",12,10,12,0,0,0,0
"Georgia",13,"Richmond",245,2017,3,"CO2",8,8,8,0,0,0,0
"Georgia",13,"Richmond",245,2017,3,"GRAV",7,7,7,0,2,0,2
"Georgia",13,"Richmond",245,2017,4,"CO2",18,13,18,0,2,0,1
"Georgia",13,"Richmond",245,2017,4,"GRAV",18,13,18,0,10,0,5
"Georgia",13,"Richmond",245,2017,5,"CO2",25,14,25,0,34,0,11
"Georgia",13,"Richmond",245,2017,5,"GRAV",29,14,29,0,43,0,12
"Georgia",13,"Richmond",245,2017,6,"CO2",26,16,26,0,54,0,11
"Georgia",13,"Richmond",245,2017,6,"GRAV",25,15,25,0,39,0,7
"Georgia",13,"Richmond",245,2017,7,"CO2",28,14,28,0,98,0,15
"Georgia",13,"Richmond",245,2017,7,"GRAV",26,14,26,0,188,0,16
"Georgia",13,"Richmond",245,2017,8,"CO2",32,15,32,0,117,0,16
"Georgia",13,"Richmond",245,2017,8,"GRAV",30,15,30,0,148,0,20
"Georgia",13,"Richmond",245,2017,9,"CO2",20,14,20,0,132,0,14
"Georgia",13,"Richmond",245,2017,9,"GRAV",20,14,20,0,119,0,14
"Georgia",13,"Richmond",245,2017,10,"CO2",35,14,35,0,149,0,14
"Georgia",13,"Richmond",245,2017,10,"GRAV",34,14,34,0,174,0,18
"Georgia",13,"Richmond",245,2017,11,"CO2",21,15,21,0,51,0,9
"Georgia",13,"Richmond",245,2017,11,"GRAV",20,15,20,0,40,0,5
"Georgia",13,"Richmond",245,2017,12,"CO2",18,14,18,0,6,0,2
"Georgia",13,"Richmond",245,2017,12,"GRAV",18,14,18,0,20,0,6
"Georgia",13,"Richmond",245,2018,1,"CO2",32,16,32,0,79,0,14
"Georgia",13,"Richmond",245,2018,1,"GRAV",36,16,36,0,58,0,13
"Georgia",13,"Richmond",245,2018,2,"CO2",25,16,25,0,90,0,11
"Georgia",13,"Richmond",245,2018,2,"GRAV",24,16,24,0,41,0,8
"Georgia",13,"Richmond",245,2018,3,"CO2",23,16,23,0,31,0,5
"Georgia",13,"Richmond",245,2018,3,"GRAV",27,16,27,0,46,0,7
"Georgia",13,"Richmond",245,2018,4,"CO2",27,15,27,0,19,0,4
"Georgia",13,"Richmond",245,2018,4,"GRAV",20,15,20,0,16,0,5
"Georgia",13,"Richmond",245,2018,5,"CO2",26,17,26,0,21,0,7
"Georgia",13,"Richmond",245,2018,5,"GRAV",28,16,28,0,39,0,12
"Georgia",13,"Richmond",245,2018,6,"CO2",30,16,30,0,76,0,10
"Georgia",13,"Richmond",245,2018,6,"GRAV",30,16,30,0,60,0,14
"Georgia",13,"Richmond",245,2018,7,"CO2",32,17,32,0,95,0,20
"Georgia",13,"Richmond",245,2018,7,"GRAV",37,17,37,0,204,0,28
"Georgia",13,"Richmond",245,2018,8,"CO2",23,14,23,0,103,0,18
"Georgia",13,"Richmond",245,2018,8,"GRAV",30,16,30,0,190,0,29
"Georgia",13,"Richmond",245,2018,9,"CO2",25,15,25,0,63,0,10
"Georgia",13,"Richmond",245,2018,9,"GRAV",28,16,28,0,153,0,23
"Georgia",13,"Richmond",245,2018,10,"CO2",31,16,31,0,55,0,15
"Georgia",13,"Richmond",245,2018,10,"GRAV",33,15,33,0,99,0,22
"Georgia",13,"Richmond",245,2018,11,"CO2",20,14,20,0,2,0,2
"Georgia",13,"Richmond",245,2018,11,"GRAV",17,12,17,0,20,0,8
"Georgia",13,"Richmond",245,2018,12,"CO2",5,5,5,0,0,0,0
"Georgia",13,"Richmond",245,2018,12,"GRAV",1,1,1,0,0,0,0
"Georgia",13,"Richmond",245,2019,1,"CO2",7,7,7,0,0,0,0
"Georgia",13,"Richmond",245,2019,1,"GRAV",3,3,3,0,0,0,0
"Georgia",13,"Richmond",245,2019,2,"CO2",11,10,11,0,0,0,0
"Georgia",13,"Richmond",245,2019,2,"GRAV",11,9,11,0,0,0,0
"Georgia",13,"Richmond",245,2019,3,"CO2",11,8,11,0,0,0,0
"Georgia",13,"Richmond",245,2019,3,"GRAV",18,14,18,0,0,0,0
"Georgia",13,"Richmond",245,2019,4,"CO2",23,14,23,0,21,0,7
"Georgia",13,"Richmond",245,2019,4,"GRAV",29,16,29,0,1,0,1
"Georgia",13,"Richmond",245,2019,5,"CO2",10,10,10,0,7,0,5
"Georgia",13,"Richmond",245,2019,5,"GRAV",10,10,10,0,3,0,2
"Georgia",13,"Richmond",245,2019,6,"CO2",21,13,21,0,47,0,9
"Georgia",13,"Richmond",245,2019,6,"GRAV",14,12,14,0,5,0,3
"Georgia",13,"Richmond",245,2019,7,"CO2",24,14,24,0,86,0,16
"Georgia",13,"Richmond",245,2019,7,"GRAV",16,13,16,0,9,0,7
"Georgia",13,"Richmond",245,2019,8,"CO2",27,16,27,0,141,0,23
"Georgia",13,"Richmond",245,2019,8,"GRAV",22,14,22,0,32,0,19
"Georgia",13,"Richmond",245,2019,9,"CO2",18,13,18,0,50,0,10
"Georgia",13,"Richmond",245,2019,9,"GRAV",19,14,19,0,12,0,6
"Georgia",13,"Richmond",245,2019,10,"CO2",30,15,30,0,35,0,9
"Georgia",13,"Richmond",245,2019,10,"GRAV",28,16,28,0,8,0,6
"Georgia",13,"Richmond",245,2019,11,"CO2",9,6,9,0,5,0,3
"Georgia",13,"Richmond",245,2019,11,"GRAV",10,7,10,0,3,0,2
"Georgia",13,"Rockdale",247,2016,6,"CO2",1,1,1,0,6,0,1
"Georgia",13,"Rockdale",247,2016,6,"GRAV",1,1,1,0,1,0,1
"Georgia",13,"Rockdale",247,2016,7,"CO2",1,1,1,0,3,0,1
"Georgia",13,"Rockdale",247,2016,7,"GRAV",1,1,1,0,1,0,1
"Georgia",13,"Rockdale",247,2017,11,"GRAV",1,1,1,0,1,0,1
"Georgia",13,"Rockdale",247,2018,8,"CO2",1,1,1,0,3,0,1
"Georgia",13,"Rockdale",247,2019,6,"CO2",2,2,2,0,4,0,2
"Georgia",13,"Rockdale",247,2019,6,"GRAV",2,2,2,0,1,0,1
"Georgia",13,"Rockdale",247,2019,9,"GRAV",1,1,1,0,1,0,1
"Georgia",13,"Stewart",259,2017,5,"CO2",1,1,1,0,0,0,0
"Georgia",13,"Stewart",259,2018,9,"CO2",1,1,1,0,0,0,0
"Georgia",13,"Stewart",259,2018,9,"GRAV",1,1,1,0,0,0,0
"Georgia",13,"Stewart",259,2019,6,"CO2",2,2,2,0,6,0,2
"Georgia",13,"Stewart",259,2019,6,"GRAV",2,2,2,0,4,0,1
"Georgia",13,"Taliaferro",265,2017,11,"CO2",1,1,1,0,0,0,0
"Georgia",13,"Taliaferro",265,2018,6,"CO2",3,3,3,0,0,0,0
"Georgia",13,"Taliaferro",265,2018,6,"GRAV",3,3,3,0,0,0,0
"Georgia",13,"Taliaferro",265,2019,6,"GRAV",2,2,2,0,2,0,2
"Georgia",13,"Taylor",269,2017,10,"CO2",1,1,1,0,0,0,0
"Georgia",13,"Taylor",269,2017,10,"GRAV",1,1,1,0,0,0,0
"Georgia",13,"Taylor",269,2018,8,"CO2",1,1,1,0,2,0,1
"Georgia",13,"Taylor",269,2018,8,"GRAV",1,1,1,0,2,0,1
"Georgia",13,"Taylor",269,2019,7,"CO2",2,2,2,0,2,0,1
"Georgia",13,"Taylor",269,2019,7,"GRAV",1,1,1,0,2,0,1
"Georgia",13,"Tift",277,2017,4,"CO2",1,1,1,0,0,0,0
"Georgia",13,"Tift",277,2017,4,"GRAV",1,1,1,0,0,0,0
"Georgia",13,"Tift",277,2018,9,"CO2",5,4,5,0,0,0,0
"Georgia",13,"Tift",277,2018,9,"GRAV",14,4,14,0,6,0,3
"Georgia",13,"Tift",277,2018,10,"CO2",6,3,6,0,2,0,2
"Georgia",13,"Tift",277,2018,10,"GRAV",13,3,13,0,0,0,0
"Georgia",13,"Tift",277,2018,11,"CO2",1,1,1,0,0,0,0
"Georgia",13,"Tift",277,2018,11,"GRAV",2,2,2,0,0,0,0
"Georgia",13,"Tift",277,2019,3,"CO2",6,3,6,0,1,0,1
"Georgia",13,"Tift",277,2019,3,"GRAV",11,3,11,0,1,0,1
"Georgia",13,"Tift",277,2019,4,"CO2",7,4,7,0,3,0,3
"Georgia",13,"Tift",277,2019,4,"GRAV",15,5,15,0,5,0,3
"Georgia",13,"Tift",277,2019,5,"CO2",9,5,9,0,3,0,2
"Georgia",13,"Tift",277,2019,5,"GRAV",18,6,18,0,11,0,4
"Georgia",13,"Tift",277,2019,6,"CO2",8,5,8,0,13,0,5
"Georgia",13,"Tift",277,2019,6,"GRAV",14,5,14,0,41,0,7
"Georgia",13,"Tift",277,2019,7,"CO2",6,4,6,0,14,0,3
"Georgia",13,"Tift",277,2019,7,"GRAV",17,6,17,0,28,0,12
"Georgia",13,"Tift",277,2019,8,"CO2",9,5,9,0,17,0,3
"Georgia",13,"Tift",277,2019,8,"GRAV",16,6,16,0,42,0,12
"Georgia",13,"Tift",277,2019,9,"CO2",2,1,2,0,1,0,1
"Georgia",13,"Tift",277,2019,9,"GRAV",12,3,12,0,12,0,6
"Georgia",13,"Tift",277,2019,10,"CO2",10,5,10,0,1,0,1
"Georgia",13,"Tift",277,2019,10,"GRAV",16,6,16,0,14,0,10
"Georgia",13,"Tift",277,2019,11,"CO2",2,1,2,0,50,0,2
"Georgia",13,"Tift",277,2019,11,"GRAV",3,2,3,0,31,0,3
"Georgia",13,"Troup",285,2010,8,"CO2",3,3,3,0,4,0,2
"Georgia",13,"Troup",285,2010,8,"GRAV",1,1,1,0,2,0,1
"Georgia",13,"Troup",285,2016,6,"GRAV",1,1,1,0,0,0,0
"Georgia",13,"Troup",285,2016,9,"CO2",1,1,1,0,1,0,1
"Georgia",13,"Troup",285,2017,7,"CO2",3,3,3,0,1,0,1
"Georgia",13,"Troup",285,2017,7,"GRAV",2,2,2,0,0,0,0
"Georgia",13,"Troup",285,2017,8,"CO2",1,1,1,0,4,0,1
"Georgia",13,"Troup",285,2017,8,"GRAV",1,1,1,0,0,0,0
"Georgia",13,"Troup",285,2018,7,"CO2",2,2,2,0,8,0,2
"Georgia",13,"Troup",285,2018,7,"GRAV",2,2,2,0,21,0,2
"Georgia",13,"Troup",285,2019,7,"CO2",3,3,3,0,50,0,3
"Georgia",13,"Troup",285,2019,7,"GRAV",3,3,3,0,8,0,2
"Georgia",13,"Upson",293,2017,9,"CO2",2,2,2,0,7,0,1
"Georgia",13,"Upson",293,2017,9,"GRAV",2,2,2,0,5,0,1
"Georgia",13,"Upson",293,2018,9,"CO2",1,1,1,0,0,0,0
"Georgia",13,"Upson",293,2018,9,"GRAV",1,1,1,0,4,0,1
"Georgia",13,"Upson",293,2019,5,"GRAV",1,1,1,0,0,0,0
"Georgia",13,"Upson",293,2019,6,"CO2",3,3,3,0,2,0,2
"Georgia",13,"Upson",293,2019,6,"GRAV",1,1,1,0,0,0,0
"Georgia",13,"Warren",301,2017,11,"CO2",1,1,1,0,0,0,0
"Georgia",13,"Warren",301,2017,12,"CO2",1,1,1,0,0,0,0
"Georgia",13,"Warren",301,2018,5,"CO2",3,3,3,0,3,0,1
"Georgia",13,"Warren",301,2018,5,"GRAV",2,2,2,0,5,0,1
"Georgia",13,"Warren",301,2019,5,"CO2",1,1,1,0,0,0,0
"Georgia",13,"Warren",301,2019,5,"GRAV",1,1,1,0,0,0,0
"Georgia",13,"Washington",303,2017,7,"CO2",1,1,1,0,8,0,1
"Georgia",13,"Washington",303,2017,7,"GRAV",1,1,1,0,0,0,0
"Georgia",13,"Washington",303,2017,12,"CO2",1,1,1,0,0,0,0
"Georgia",13,"Washington",303,2017,12,"GRAV",1,1,1,0,0,0,0
"Georgia",13,"Washington",303,2018,7,"GRAV",1,1,1,0,0,0,0
"Georgia",13,"Washington",303,2019,8,"CO2",1,1,1,0,0,0,0
"Georgia",13,"Wayne",305,2010,7,"CO2",5,5,5,0,32,0,2
"Georgia",13,"Wayne",305,2010,7,"GRAV",3,3,3,0,11,0,3
"Georgia",13,"Wayne",305,2017,6,"CO2",1,1,1,0,1,0,1
"Georgia",13,"Wayne",305,2018,7,"CO2",2,2,2,0,9,0,1
"Georgia",13,"Wayne",305,2018,8,"CO2",2,2,2,0,0,0,0
"Georgia",13,"Wayne",305,2018,8,"GRAV",1,1,1,0,0,0,0
"Georgia",13,"Wayne",305,2019,4,"CO2",2,2,2,0,12,0,1
"Georgia",13,"Wayne",305,2019,5,"CO2",1,1,1,0,0,0,0
"Georgia",13,"Wayne",305,2019,5,"GRAV",1,1,1,0,0,0,0
"Georgia",13,"Wayne",305,2019,8,"CO2",2,2,2,0,21,0,2
"Georgia",13,"Wayne",305,2019,8,"GRAV",2,2,2,0,0,0,0
"Georgia",13,"White",311,2017,11,"CO2",1,1,1,0,1,0,1
"Georgia",13,"White",311,2017,11,"GRAV",1,1,1,0,0,0,0
"Georgia",13,"White",311,2018,7,"CO2",1,1,1,0,5,0,1
"Georgia",13,"White",311,2018,8,"CO2",1,1,1,0,61,0,1
"Georgia",13,"White",311,2018,8,"GRAV",1,1,1,0,8,0,1
"Georgia",13,"White",311,2019,8,"CO2",1,1,1,0,0,0,0
"Georgia",13,"Whitfield",313,2011,10,"CO2",2,2,2,0,0,0,0
"Georgia",13,"Whitfield",313,2015,9,"CO2",1,1,1,0,4,0,1
"Georgia",13,"Whitfield",313,2015,9,"GRAV",2,2,2,0,3,0,2
"Georgia",13,"Whitfield",313,2016,6,"CO2",3,3,3,0,9,0,3
"Georgia",13,"Whitfield",313,2016,7,"CO2",5,5,5,0,41,0,3
"Georgia",13,"Whitfield",313,2016,8,"CO2",1,1,1,0,3,0,1
"Georgia",13,"Whitfield",313,2016,9,"CO2",3,3,3,0,123,0,2
"Georgia",13,"Whitfield",313,2017,4,"CO2",1,1,1,0,0,0,0
"Georgia",13,"Whitfield",313,2017,5,"CO2",1,1,1,0,0,0,0
"Georgia",13,"Whitfield",313,2017,6,"CO2",1,1,1,0,0,0,0
"Georgia",13,"Whitfield",313,2017,7,"CO2",1,1,1,0,102,0,1
"Georgia",13,"Whitfield",313,2017,8,"CO2",2,1,2,0,203,0,2
"Georgia",13,"Whitfield",313,2017,9,"CO2",1,1,1,0,26,0,1
"Georgia",13,"Whitfield",313,2018,7,"CO2",2,2,2,0,0,0,0
"Georgia",13,"Whitfield",313,2018,8,"CO2",3,3,3,0,59,0,1
"Georgia",13,"Whitfield",313,2018,10,"CO2",1,1,1,0,0,0,0
"Georgia",13,"Whitfield",313,2019,5,"CO2",2,2,2,0,0,0,0
"Georgia",13,"Whitfield",313,2019,6,"CO2",2,2,2,0,3,0,1
"Georgia",13,"Whitfield",313,2019,8,"CO2",5,5,5,0,46,0,4
"Georgia",13,"Wilcox",315,2017,8,"CO2",1,1,1,0,0,0,0
"Georgia",13,"Wilcox",315,2017,8,"GRAV",1,1,1,0,4,0,1
"Georgia",13,"Wilcox",315,2018,8,"GRAV",2,2,2,0,2,0,1
"Georgia",13,"Wilcox",315,2018,9,"CO2",2,2,2,0,4,0,1
"Georgia",13,"Wilcox",315,2019,8,"GRAV",1,1,1,0,5,0,1
"Georgia",13,"Wilkes",317,2017,11,"CO2",1,1,1,0,0,0,0
"Georgia",13,"Wilkes",317,2018,4,"BGS",1,1,1,0,0,0,0
"Georgia",13,"Wilkes",317,2018,4,"CO2",2,2,2,0,0,0,0
"Georgia",13,"Wilkes",317,2018,4,"GRAV",3,3,3,0,0,0,0
"Georgia",13,"Wilkes",317,2019,6,"CO2",2,2,2,0,1,0,1
"Georgia",13,"Wilkes",317,2019,6,"GRAV",2,2,2,0,0,0,0
"Georgia",13,"Wilkinson",319,2017,7,"CO2",1,1,1,0,6,0,1
"Georgia",13,"Wilkinson",319,2018,7,"GRAV",1,1,1,0,2,0,1
"Georgia",13,"Wilkinson",319,2019,8,"CO2",1,1,1,0,5,0,1
"Georgia",13,"Wilkinson",319,2019,8,"GRAV",1,1,1,0,0,0,0
